market,strategy,fold_count,return_mean,return_median,return_std,return_min,return_max,positive_fold_rate,negative_fold_rate,sharpe_mean,max_drawdown_worst,trade_count_mean
btc_usd,cash,9,0.0,0.0,0.0,0.0,0.0,0.0,0.0,,0.0,0.0
btc_usd,buy_and_hold,9,2.174465632573531,0.8669788720182616,4.272297131063918,-0.7255810833751434,13.161829738528157,0.7777777777777778,0.2222222222222222,1.1985678331468743,-0.8153271113852912,1.0
btc_usd,ma_10_30,9,1.5814373995643154,0.5909330716312704,3.0407153296070373,-0.45469655514583096,8.944056959097086,0.7777777777777778,0.2222222222222222,1.0718584825306239,-0.5045328263736412,13.777777777777779
btc_usd,momentum_20,9,1.6761668010857678,1.0192205341046403,2.7508187950259817,-0.47960257648789617,8.305272182707272,0.7777777777777778,0.2222222222222222,1.2917609199566398,-0.49413664807565516,32.55555555555556
btc_usd,random,9,0.4699736053201693,0.276948466552777,1.0505210662905904,-0.5237653803122517,3.0556685757358317,0.7777777777777778,0.2222222222222222,0.550721874051074,-0.643345487892873,119.91481481481482
eur_usd,cash,9,0.0,0.0,0.0,0.0,0.0,0.0,0.0,,0.0,0.0
eur_usd,buy_and_hold,9,0.002515663548865257,-0.02357692514912446,0.07338443717244915,-0.07636061676771533,0.14060644076091733,0.3333333333333333,0.6666666666666666,-0.005219378952975263,-0.16242515678771807,1.0
eur_usd,ma_10_30,9,-0.010233864572233495,-0.02622898591580347,0.050626946478416354,-0.08730416408662678,0.06718497839185034,0.3333333333333333,0.6666666666666666,-0.3368070533231052,-0.1259386402593855,10.333333333333334
eur_usd,momentum_20,9,-0.030987748690599417,-0.04590035325283259,0.045227400411914385,-0.07365941243912566,0.05249383813302955,0.2222222222222222,0.7777777777777778,-0.7718655408121476,-0.1245334051126209,25.88888888888889
eur_usd,random,9,-0.08063459162800973,-0.09541257428880513,0.032731826825566794,-0.11380545028625502,-0.018984756853103302,0.0,1.0,-1.796903594016313,-0.15160401392873699,84.64074074074074
gold,cash,9,0.0,0.0,0.0,0.0,0.0,0.0,0.0,,0.0,0.0
gold,buy_and_hold,9,0.10920138867400067,0.1216823669786169,0.1275047959981505,-0.061268563406808085,0.3283767981744765,0.7777777777777778,0.2222222222222222,0.7967959059881848,-0.20183037956201422,1.0
gold,ma_10_30,9,0.03504094340066266,0.00048111573569542543,0.11024526854017673,-0.10759191327314288,0.246856360235989,0.5555555555555556,0.4444444444444444,0.2979596383715962,-0.1723632838072685,11.222222222222221
gold,momentum_20,9,0.0011992529998705221,-0.005923578527777695,0.08354857776518981,-0.09447820211058988,0.1610488260894194,0.4444444444444444,0.5555555555555556,0.03938876615877193,-0.17383124350222257,28.444444444444443
gold,random,9,-0.03509267306331362,-0.03944342079182998,0.05157182134349923,-0.10134032761165714,0.06928204719839999,0.2222222222222222,0.7777777777777778,-0.4046839960187577,-0.16793358812125944,81.61851851851853
sp500,cash,9,0.0,0.0,0.0,0.0,0.0,0.0,0.0,,0.0,0.0
sp500,buy_and_hold,9,0.1363828361766975,0.1809941554576373,0.1685808974506496,-0.2016541359863312,0.29520584547478856,0.7777777777777778,0.2222222222222222,1.1942849686693109,-0.3392496000265327,1.0
sp500,ma_10_30,9,0.05761347947780699,0.10633987194894257,0.11282187434713992,-0.1481086267899493,0.1484476974026303,0.7777777777777778,0.2222222222222222,0.7060107041371179,-0.1768845238457155,8.555555555555555
sp500,momentum_20,9,0.06715733128706916,0.1254816200548836,0.10464437581233006,-0.11027253400981718,0.18005350881915105,0.7777777777777778,0.2222222222222222,0.7967302944786423,-0.16363984897221184,20.333333333333332
sp500,random,9,-0.0233521499145688,-0.0028539716892887553,0.06339598120147319,-0.14674436659064483,0.030734997969117557,0.4444444444444444,0.5555555555555556,-0.11653997779530606,-0.21148001281347534,81.70740740740742
