market,fold,evaluation_start,evaluation_end,strategy,seed_count,initial_value,final_value,total_return,annualized_return,annualized_volatility,sharpe_ratio,sortino_ratio,maximum_drawdown,calmar_ratio,trade_count,total_transaction_cost
btc_usd,2016,2016-01-01 00:00:00+00:00,2016-12-31 00:00:00+00:00,cash,1,10000.0,10000.0,0.0,0.0,0.0,,,0.0,,0.0,0.0
btc_usd,2016,2016-01-01 00:00:00+00:00,2016-12-31 00:00:00+00:00,buy_and_hold,1,10000.0,22152.104988353214,1.2152104988353214,1.2152104988353214,0.4808548089810569,1.8970015260365058,2.8419621301769746,-0.2855809430203764,4.255222655906054,1.0,10.0
btc_usd,2016,2016-01-01 00:00:00+00:00,2016-12-31 00:00:00+00:00,ma_10_30,1,10000.0,15909.330716312705,0.5909330716312704,0.5909330716312704,0.3884519804968039,1.3929880761677926,1.9615988896606338,-0.2369948595425776,2.4934425699014184,17.0,166.11730099037555
btc_usd,2016,2016-01-01 00:00:00+00:00,2016-12-31 00:00:00+00:00,momentum_20,1,10000.0,20192.205341046403,1.0192205341046403,1.0192205341046403,0.37649506838021185,2.054315728999239,3.3773182647650013,-0.2220934131622062,4.589152463338709,33.0,380.1243228757676
btc_usd,2016,2016-01-01 00:00:00+00:00,2016-12-31 00:00:00+00:00,random,30,10000.0,13353.61018495569,0.3353610184955687,0.3353610184955687,0.3331067645287463,0.964261425999849,1.606549997035189,-0.24018446390635279,1.8196097971407854,122.26666666666667,1307.3534722839165
btc_usd,2017,2017-01-01 00:00:00+00:00,2017-12-31 00:00:00+00:00,cash,1,10000.0,10000.0,0.0,0.0,0.0,,,0.0,,0.0,0.0
btc_usd,2017,2017-01-01 00:00:00+00:00,2017-12-31 00:00:00+00:00,buy_and_hold,1,10000.0,141618.29738528156,13.161829738528157,13.265328750194106,0.9546044206271088,3.2629562181500615,5.3765869554442505,-0.35508101939187353,37.35859712499659,1.0,10.0
btc_usd,2017,2017-01-01 00:00:00+00:00,2017-12-31 00:00:00+00:00,ma_10_30,1,10000.0,99440.56959097086,8.944056959097086,9.007006055988104,0.7913594786424412,3.3081036829860437,5.449768690199844,-0.3264598371930668,27.589936126389116,10.0,240.50774099810752
btc_usd,2017,2017-01-01 00:00:00+00:00,2017-12-31 00:00:00+00:00,momentum_20,1,10000.0,93052.72182707272,8.305272182707272,8.362469686349472,0.7812437534056226,3.254278636915822,5.427650461779252,-0.3293646015644722,25.38970383164428,18.0,398.24163285259374
btc_usd,2017,2017-01-01 00:00:00+00:00,2017-12-31 00:00:00+00:00,random,30,10000.0,40556.68575735832,3.0556685757358317,3.0728686325983876,0.668797588246006,2.2116845844904245,3.7834515466085135,-0.3260524567440563,10.310254891809675,121.86666666666666,2168.625337825581
btc_usd,2018,2018-01-01 00:00:00+00:00,2018-12-31 00:00:00+00:00,cash,1,10000.0,10000.0,0.0,0.0,0.0,,,0.0,,0.0,0.0
btc_usd,2018,2018-01-01 00:00:00+00:00,2018-12-31 00:00:00+00:00,buy_and_hold,1,10000.0,2744.1891662485664,-0.7255810833751434,-0.726554219079238,0.8112797722994752,-1.1858223549980873,-1.5637757101478202,-0.8153271113852912,-0.8911199062726829,1.0,10.0
btc_usd,2018,2018-01-01 00:00:00+00:00,2018-12-31 00:00:00+00:00,ma_10_30,1,10000.0,6132.940513020801,-0.38670594869791997,-0.38752914865294186,0.39094686260278716,-1.0577980112284935,-1.4232216735610206,-0.4242362289390246,-0.9134749043525026,11.0,85.97489273850563
btc_usd,2018,2018-01-01 00:00:00+00:00,2018-12-31 00:00:00+00:00,momentum_20,1,10000.0,6740.591035883328,-0.32594089641166724,-0.3266709243615499,0.370860779680154,-0.8806328704865414,-1.1984954726813244,-0.41921528676301534,-0.77924382692232,31.0,258.5063432051091
btc_usd,2018,2018-01-01 00:00:00+00:00,2018-12-31 00:00:00+00:00,random,30,10000.0,4762.346196877482,-0.5237653803122517,-0.52458423977539,0.552379570723017,-1.2656733121889063,-1.5897525499771967,-0.643345487892873,-0.7663836276427822,121.86666666666666,835.1991401042679
btc_usd,2019,2019-01-01 00:00:00+00:00,2019-12-31 00:00:00+00:00,cash,1,10000.0,10000.0,0.0,0.0,0.0,,,0.0,,0.0,0.0
btc_usd,2019,2019-01-01 00:00:00+00:00,2019-12-31 00:00:00+00:00,buy_and_hold,1,10000.0,18669.788720182616,0.8669788720182616,0.8701838041816972,0.6809982800172182,1.2557931337805692,1.9864743692358369,-0.48982813000684766,1.7765084340287525,1.0,10.0
btc_usd,2019,2019-01-01 00:00:00+00:00,2019-12-31 00:00:00+00:00,ma_10_30,1,10000.0,17136.497011856685,0.7136497011856686,0.7161873345529655,0.5760088134513099,1.2227283083296288,1.9160646167459396,-0.4245973861588387,1.686744567676272,13.0,235.01169721788781
btc_usd,2019,2019-01-01 00:00:00+00:00,2019-12-31 00:00:00+00:00,momentum_20,1,10000.0,21762.358460141484,1.1762358460141482,1.1808898093087512,0.551861953475822,1.685020869329804,2.8028633790690995,-0.3792717214811693,3.113571991861202,31.0,636.4105634712164
btc_usd,2019,2019-01-01 00:00:00+00:00,2019-12-31 00:00:00+00:00,random,30,10000.0,12769.484665527767,0.276948466552777,0.2779672266468921,0.473891007216713,0.6543954417878982,1.1013651590815265,-0.36103566852305524,1.125345087360404,121.86666666666666,1579.6767915180928
btc_usd,2020,2020-01-01 00:00:00+00:00,2020-12-31 00:00:00+00:00,cash,1,10000.0,10000.0,0.0,0.0,0.0,,,0.0,,0.0,0.0
btc_usd,2020,2020-01-01 00:00:00+00:00,2020-12-31 00:00:00+00:00,buy_and_hold,1,10000.0,40225.63380421095,3.0225633804210945,3.0225633804210945,0.7214569209932103,2.321351313075459,3.2926721460082407,-0.5186169126186414,5.828123431531242,1.0,10.0
btc_usd,2020,2020-01-01 00:00:00+00:00,2020-12-31 00:00:00+00:00,ma_10_30,1,10000.0,48281.946193278076,3.8281946193278076,3.8281946193278076,0.48881494859383795,3.4678580200767017,6.283889883354139,-0.1654028104206262,23.14467698337501,13.0,178.87238478934205
btc_usd,2020,2020-01-01 00:00:00+00:00,2020-12-31 00:00:00+00:00,momentum_20,1,10000.0,44941.52231535213,3.494152231535213,3.494152231535213,0.48652100149076477,3.3337963754140603,6.07311485334103,-0.18301417476847892,19.09224919848679,29.0,473.3634168518664
btc_usd,2020,2020-01-01 00:00:00+00:00,2020-12-31 00:00:00+00:00,random,30,10000.0,17825.530241749955,0.7825530241749957,0.7825530241749957,0.5304714724601312,1.3543861335688723,2.0319142450903795,-0.40747699131199056,2.587825472533073,122.26666666666667,1374.5915312330103
btc_usd,2021,2021-01-01 00:00:00+00:00,2021-12-31 00:00:00+00:00,cash,1,10000.0,10000.0,0.0,0.0,0.0,,,0.0,,0.0,0.0
btc_usd,2021,2021-01-01 00:00:00+00:00,2021-12-31 00:00:00+00:00,buy_and_hold,1,10000.0,15747.352341921893,0.5747352341921892,0.5767009299197075,0.8050321271992078,0.9666474912047645,1.4450709334501513,-0.5306185040984173,1.0868466242043133,1.0,10.0
btc_usd,2021,2021-01-01 00:00:00+00:00,2021-12-31 00:00:00+00:00,ma_10_30,1,10000.0,11784.767324841523,0.1784767324841523,0.17900853549107376,0.5828719671360636,0.5725658597320173,0.8509066775255306,-0.44037147986828795,0.406494388657081,14.0,160.110502267858
btc_usd,2021,2021-01-01 00:00:00+00:00,2021-12-31 00:00:00+00:00,momentum_20,1,10000.0,16674.58783466292,0.6674587834662922,0.6698026627287599,0.587083001030327,1.1652445914956147,1.8041289270988923,-0.3013720663678121,2.2225107681721687,40.0,557.9012699280241
btc_usd,2021,2021-01-01 00:00:00+00:00,2021-12-31 00:00:00+00:00,random,30,10000.0,10956.125509405716,0.09561255094057171,0.09610795133378641,0.5598140812603936,0.29347080093437755,0.49408619659232833,-0.4237802955609821,0.45118577432496754,121.86666666666666,1418.9358632586031
btc_usd,2022,2022-01-01 00:00:00+00:00,2022-12-31 00:00:00+00:00,cash,1,10000.0,10000.0,0.0,0.0,0.0,,,0.0,,0.0,0.0
btc_usd,2022,2022-01-01 00:00:00+00:00,2022-12-31 00:00:00+00:00,buy_and_hold,1,10000.0,3466.9940498841706,-0.6533005950115829,-0.654308078028772,0.6354748666890938,-1.3482813827832911,-1.7715848018670046,-0.6692283835287909,-0.9777052111547552,1.0,10.0
btc_usd,2022,2022-01-01 00:00:00+00:00,2022-12-31 00:00:00+00:00,ma_10_30,1,10000.0,5453.03444854169,-0.45469655514583096,-0.45560425768358315,0.3638514273189673,-1.48436159613185,-1.8506387864545313,-0.5045328263736412,-0.9030220312090792,20.0,146.27323806381796
btc_usd,2022,2022-01-01 00:00:00+00:00,2022-12-31 00:00:00+00:00,momentum_20,1,10000.0,5203.974235121038,-0.47960257648789617,-0.48053554157976486,0.34433543607929445,-1.7264954401128756,-2.1856526469176565,-0.49413664807565516,-0.9724750095973292,48.0,325.58307058764564
btc_usd,2022,2022-01-01 00:00:00+00:00,2022-12-31 00:00:00+00:00,random,30,10000.0,5942.012891529037,-0.4057987108470964,-0.40657536487261114,0.4428289792486249,-1.0496620297953796,-1.3408150020516023,-0.5238194591061011,-0.7373474912589345,121.86666666666666,959.6546790410349
btc_usd,2023,2023-01-01 00:00:00+00:00,2023-12-31 00:00:00+00:00,cash,1,10000.0,10000.0,0.0,0.0,0.0,,,0.0,,0.0,0.0
btc_usd,2023,2023-01-01 00:00:00+00:00,2023-12-31 00:00:00+00:00,buy_and_hold,1,10000.0,25396.467782179145,1.5396467782179144,1.5461578971076935,0.43825354298820846,2.3506775656368495,4.125397537653326,-0.200577733429132,7.708522130917294,1.0,10.0
btc_usd,2023,2023-01-01 00:00:00+00:00,2023-12-31 00:00:00+00:00,ma_10_30,1,10000.0,17579.54393555897,0.757954393555897,0.7606810979921601,0.3362110731977343,1.8495591891669896,3.1727317736744096,-0.19898866774473045,3.822735769898154,13.0,149.7796261428227
btc_usd,2023,2023-01-01 00:00:00+00:00,2023-12-31 00:00:00+00:00,momentum_20,1,10000.0,21958.360419696044,1.1958360419696046,1.200586125819736,0.34630620144258034,2.4498185394009577,4.56553985362835,-0.17859341101362558,6.722454759140798,26.0,368.98740788179737
btc_usd,2023,2023-01-01 00:00:00+00:00,2023-12-31 00:00:00+00:00,random,30,10000.0,14512.021068066842,0.45120210680668404,0.4528161431488663,0.3084518653352624,1.232136695359014,2.2623448379136066,-0.21432765523036942,2.6459857166435765,121.86666666666666,1525.050513923635
btc_usd,2024,2024-01-01 00:00:00+00:00,2024-11-05 00:00:00+00:00,cash,1,10000.0,10000.0,0.0,0.0,0.0,,,0.0,,0.0,0.0
btc_usd,2024,2024-01-01 00:00:00+00:00,2024-11-05 00:00:00+00:00,buy_and_hold,1,10000.0,15681.07869335571,0.568107869335571,0.7013116290912702,0.5290286695606172,1.2667869882190383,1.9802472886075526,-0.26182033008476613,2.6785988271583636,1.0,10.0
btc_usd,2024,2024-01-01 00:00:00+00:00,2024-11-05 00:00:00+00:00,ma_10_30,1,10000.0,10610.736226407074,0.06107362264070737,0.07253475196897852,0.41631429073365517,0.37508281367678614,0.5516889661580763,-0.3683998955568687,0.19689134780924922,13.0,149.80204103836132
btc_usd,2024,2024-01-01 00:00:00+00:00,2024-11-05 00:00:00+00:00,momentum_20,1,10000.0,10328.690628743068,0.03286906287430691,0.03894053367095762,0.38532815147103533,0.2905018486536782,0.43234684202449514,-0.3495437370567279,0.1114038946852534,37.0,402.8411452344548
btc_usd,2024,2024-01-01 00:00:00+00:00,2024-11-05 00:00:00+00:00,random,30,10000.0,11619.807963344432,0.16198079633444304,0.20124413930763457,0.373436956468437,0.5614971263035151,0.9693841400307659,-0.2915746732739572,1.116004845285428,103.5,1166.0041598242271
eur_usd,2016,2016-01-01 00:00:00+00:00,2016-12-30 00:00:00+00:00,cash,1,10000.0,10000.0,0.0,0.0,0.0,,,0.0,,0.0,0.0
eur_usd,2016,2016-01-01 00:00:00+00:00,2016-12-30 00:00:00+00:00,buy_and_hold,1,10000.0,9732.538474598494,-0.02674615254015067,-0.025933960235689613,0.08360927878955152,-0.27262013005041513,-0.3890778770976486,-0.0984393752536109,-0.26345108518695437,1.0,10.0
eur_usd,2016,2016-01-01 00:00:00+00:00,2016-12-30 00:00:00+00:00,ma_10_30,1,10000.0,9126.958359133732,-0.08730416408662678,-0.0847351047184407,0.05159569389084597,-1.6899678380469876,-2.0656645391687443,-0.09357061476910034,-0.9055738805129945,16.0,152.22812850527538
eur_usd,2016,2016-01-01 00:00:00+00:00,2016-12-30 00:00:00+00:00,momentum_20,1,10000.0,9408.741811937127,-0.05912581880628731,-0.05735978244521367,0.0510759371969733,-1.1308685584621485,-1.4569513476330194,-0.09975604265673277,-0.5750005805923208,22.0,215.6295347626513
eur_usd,2016,2016-01-01 00:00:00+00:00,2016-12-30 00:00:00+00:00,random,30,10000.0,9043.834460533562,-0.09561655394664387,-0.09282906938325834,0.05810567760864689,-1.6802566483918704,-2.2273003185988887,-0.11933185711051754,-0.7673575813225146,86.23333333333333,834.8521773293267
eur_usd,2017,2017-01-02 00:00:00+00:00,2017-12-29 00:00:00+00:00,cash,1,10000.0,10000.0,0.0,0.0,0.0,,,0.0,,0.0,0.0
eur_usd,2017,2017-01-02 00:00:00+00:00,2017-12-29 00:00:00+00:00,buy_and_hold,1,10000.0,11406.064407609174,0.14060644076091733,0.1376907519262367,0.07225664579262411,1.8217042968504071,3.028985046779573,-0.035927207889951074,3.8324924204518864,1.0,10.0
eur_usd,2017,2017-01-02 00:00:00+00:00,2017-12-29 00:00:00+00:00,ma_10_30,1,10000.0,10439.121986567021,0.04391219865670215,0.0430397515909835,0.05581884976226558,0.7827632558533363,1.2287886470876173,-0.03565827473359373,1.2070060010625154,9.0,90.90597453183962
eur_usd,2017,2017-01-02 00:00:00+00:00,2017-12-29 00:00:00+00:00,momentum_20,1,10000.0,10524.938381330296,0.05249383813302955,0.05144673008366207,0.05871217281284525,0.8837329227072805,1.451651536315955,-0.03710249347980865,1.3866111212083259,19.0,195.3059195609819
eur_usd,2017,2017-01-02 00:00:00+00:00,2017-12-29 00:00:00+00:00,random,30,10000.0,9810.152431468967,-0.018984756853103302,-0.018632905902690476,0.050862249725270786,-0.36743804641714806,-0.47284311880482544,-0.059048999501907805,-0.11531068815096777,85.3,850.8124505411827
eur_usd,2018,2018-01-01 00:00:00+00:00,2018-12-31 00:00:00+00:00,cash,1,10000.0,10000.0,0.0,0.0,0.0,,,0.0,,0.0,0.0
eur_usd,2018,2018-01-01 00:00:00+00:00,2018-12-31 00:00:00+00:00,buy_and_hold,1,10000.0,9515.145126196996,-0.04848548738030045,-0.047029278992670065,0.07116506175224459,-0.6413467645708237,-0.8598893756641791,-0.10204460463518938,-0.46086982414014216,1.0,10.0
eur_usd,2018,2018-01-01 00:00:00+00:00,2018-12-31 00:00:00+00:00,ma_10_30,1,10000.0,9729.832804554986,-0.027016719544501355,-0.02619642206814843,0.04690963653797647,-0.5424963575856632,-0.7503137518878936,-0.07133117898772467,-0.3672506530791612,13.0,129.7558553042503
eur_usd,2018,2018-01-01 00:00:00+00:00,2018-12-31 00:00:00+00:00,momentum_20,1,10000.0,9293.381013093003,-0.07066189869069972,-0.0685640152033079,0.04648946763217979,-1.504449916122717,-1.9734735765077083,-0.11059167333803066,-0.6199744803004972,35.0,339.5941685404469
eur_usd,2018,2018-01-01 00:00:00+00:00,2018-12-31 00:00:00+00:00,random,30,10000.0,8981.137077242982,-0.10188629227570191,-0.09892623985222988,0.05047762800172858,-2.0493323709240943,-2.5732904144762307,-0.12764129367642504,-0.7619416728418624,86.23333333333333,820.2174380683242
eur_usd,2019,2019-01-01 00:00:00+00:00,2019-12-31 00:00:00+00:00,cash,1,10000.0,10000.0,0.0,0.0,0.0,,,0.0,,0.0,0.0
eur_usd,2019,2019-01-01 00:00:00+00:00,2019-12-31 00:00:00+00:00,buy_and_hold,1,10000.0,9764.230748508755,-0.02357692514912446,-0.022947079417386274,0.051094710189965475,-0.42886838880815986,-0.591828990178349,-0.056710960514367414,-0.404632177082819,1.0,10.0
eur_usd,2019,2019-01-01 00:00:00+00:00,2019-12-31 00:00:00+00:00,ma_10_30,1,10000.0,9737.710140841966,-0.02622898591580347,-0.02552922221283427,0.03147592780248322,-0.8058761114415239,-1.0848905132780902,-0.04372174591420219,-0.5839021676520374,9.0,88.68282618247599
eur_usd,2019,2019-01-01 00:00:00+00:00,2019-12-31 00:00:00+00:00,momentum_20,1,10000.0,9540.996467471674,-0.04590035325283259,-0.04468795023063543,0.03516282188585612,-1.2825161115900279,-1.6871620768255453,-0.061131008494929584,-0.7310193522219088,35.0,341.098323618259
eur_usd,2019,2019-01-01 00:00:00+00:00,2019-12-31 00:00:00+00:00,random,30,10000.0,9045.87425711195,-0.09541257428880513,-0.09296532284954803,0.0350394650886473,-2.796135802706516,-3.466892543481988,-0.10499035986409838,-0.8817541045623081,86.03333333333333,814.600605694922
eur_usd,2020,2020-01-01 00:00:00+00:00,2020-12-31 00:00:00+00:00,cash,1,10000.0,10000.0,0.0,0.0,0.0,,,0.0,,0.0,0.0
eur_usd,2020,2020-01-01 00:00:00+00:00,2020-12-31 00:00:00+00:00,buy_and_hold,1,10000.0,10952.549146345598,0.09525491463455982,0.09182395124442211,0.07437687258853305,1.2184511241832467,1.7823975334796374,-0.06497786598519795,1.4131573860141813,1.0,10.0
eur_usd,2020,2020-01-01 00:00:00+00:00,2020-12-31 00:00:00+00:00,ma_10_30,1,10000.0,10671.849783918504,0.06718497839185034,0.06479479773867625,0.059721255861313785,1.0812188830315819,1.5233372555285798,-0.06497786598519772,0.9971826060498327,9.0,90.20152131629001
eur_usd,2020,2020-01-01 00:00:00+00:00,2020-12-31 00:00:00+00:00,momentum_20,1,10000.0,9818.786273913915,-0.018121372608608577,-0.017501998729863688,0.06124887219243464,-0.2576707333244421,-0.3445100824627964,-0.09765937070385666,-0.1792147400062298,33.0,314.7892078335016
eur_usd,2020,2020-01-01 00:00:00+00:00,2020-12-31 00:00:00+00:00,random,30,10000.0,9613.531255327336,-0.03864687446726635,-0.03736115839137996,0.0512359239904175,-0.7726513201913512,-1.0193132669827198,-0.07018965610164055,-0.42874597201544634,86.63333333333334,840.6699896260808
eur_usd,2021,2021-01-01 00:00:00+00:00,2021-12-31 00:00:00+00:00,cash,1,10000.0,10000.0,0.0,0.0,0.0,,,0.0,,0.0,0.0
eur_usd,2021,2021-01-01 00:00:00+00:00,2021-12-31 00:00:00+00:00,buy_and_hold,1,10000.0,9236.393832322847,-0.07636061676771533,-0.07410037989296347,0.05505605766462223,-1.3707214171008912,-1.7693955933065035,-0.09222290096510288,-0.8034921816328792,1.0,10.0
eur_usd,2021,2021-01-01 00:00:00+00:00,2021-12-31 00:00:00+00:00,ma_10_30,1,10000.0,9454.463766874062,-0.054553623312593835,-0.05292028324458298,0.034139659517022164,-1.5754336025982076,-1.9585228466060625,-0.06272702263087182,-0.8436600531162092,11.0,106.4572044420627
eur_usd,2021,2021-01-01 00:00:00+00:00,2021-12-31 00:00:00+00:00,momentum_20,1,10000.0,9263.405875608743,-0.07365941243912566,-0.07147600078244343,0.033647035261509195,-2.1869255061703172,-2.664571373912601,-0.08381154979039673,-0.8528180299874764,27.0,258.34345744802596
eur_usd,2021,2021-01-01 00:00:00+00:00,2021-12-31 00:00:00+00:00,random,30,10000.0,8861.945497137449,-0.11380545028625502,-0.11051735219033182,0.03906734032815726,-2.985766657898714,-3.562008125255666,-0.12137089499238257,-0.9047997491288852,86.23333333333333,812.3628004897508
eur_usd,2022,2022-01-03 00:00:00+00:00,2022-12-30 00:00:00+00:00,cash,1,10000.0,10000.0,0.0,0.0,0.0,,,0.0,,0.0,0.0
eur_usd,2022,2022-01-03 00:00:00+00:00,2022-12-30 00:00:00+00:00,buy_and_hold,1,10000.0,9423.202497258932,-0.05767975027410688,-0.05616547177161024,0.09768486176573157,-0.5430336420044105,-0.7614471037213694,-0.16242515678771807,-0.34579293554271173,1.0,10.0
eur_usd,2022,2022-01-03 00:00:00+00:00,2022-12-30 00:00:00+00:00,ma_10_30,1,10000.0,9678.935475467086,-0.03210645245329147,-0.03125241550964719,0.05614542858448158,-0.537576501261072,-0.8030392905421267,-0.1259386402593855,-0.2481558911965315,9.0,85.97608422829816
eur_usd,2022,2022-01-03 00:00:00+00:00,2022-12-30 00:00:00+00:00,momentum_20,1,10000.0,9367.582892266057,-0.06324171077339436,-0.06158623855661005,0.05712888597061862,-1.084061320222449,-1.490423114872014,-0.1245334051126209,-0.49453589180280566,25.0,237.1498865806194
eur_usd,2022,2022-01-03 00:00:00+00:00,2022-12-30 00:00:00+00:00,random,30,10000.0,8887.688430075785,-0.11123115699242155,-0.10842215417840587,0.06810062830068223,-1.6805078904294661,-2.189323406171838,-0.15160401392873699,-0.6992258334115291,86.03333333333333,794.910697581506
eur_usd,2023,2023-01-02 00:00:00+00:00,2023-12-29 00:00:00+00:00,cash,1,10000.0,10000.0,0.0,0.0,0.0,,,0.0,,0.0,0.0
eur_usd,2023,2023-01-02 00:00:00+00:00,2023-12-29 00:00:00+00:00,buy_and_hold,1,10000.0,10355.327906884315,0.035532790688431515,0.03455604262281975,0.0752924870865571,0.48871910837339355,0.7174631941221523,-0.06810141618892274,0.5074203233447674,1.0,10.0
eur_usd,2023,2023-01-02 00:00:00+00:00,2023-12-29 00:00:00+00:00,ma_10_30,1,10000.0,10409.020323305578,0.04090203233055778,0.039774877010726906,0.05847647439480118,0.6961374941181948,1.0910208322877175,-0.039315741972202,1.0116781476195853,9.0,90.73508827595222
eur_usd,2023,2023-01-02 00:00:00+00:00,2023-12-29 00:00:00+00:00,momentum_20,1,10000.0,10304.941747897854,0.030494174789785333,0.029657907085937074,0.05807844739157177,0.5321423107396989,0.8208472177585382,-0.02977164863923265,0.9961795346077782,17.0,170.8116937476676
eur_usd,2023,2023-01-02 00:00:00+00:00,2023-12-29 00:00:00+00:00,random,30,10000.0,9276.105126627363,-0.07238948733726375,-0.07051983272740742,0.0525347245224979,-1.375704722269591,-1.8352987040040991,-0.10554000837018605,-0.6301864435799537,86.03333333333333,827.1348738428288
eur_usd,2024,2024-01-01 00:00:00+00:00,2024-11-05 00:00:00+00:00,cash,1,10000.0,10000.0,0.0,0.0,0.0,,,0.0,,0.0,0.0
eur_usd,2024,2024-01-01 00:00:00+00:00,2024-11-05 00:00:00+00:00,buy_and_hold,1,10000.0,9840.957579672764,-0.01590424203272356,-0.018114831959825328,0.052894755473064256,-0.3192585974491242,-0.44082107658477876,-0.038763936517727804,-0.4673114649112306,1.0,10.0
eur_usd,2024,2024-01-01 00:00:00+00:00,2024-11-05 00:00:00+00:00,ma_10_30,1,10000.0,9831.059547836052,-0.016894045216394815,-0.019240861560854472,0.04214171737587637,-0.44003270197760525,-0.6200170914072974,-0.03277874914473178,-0.586991940293331,8.0,78.66826040160636
eur_usd,2024,2024-01-01 00:00:00+00:00,2024-11-05 00:00:00+00:00,momentum_20,1,10000.0,9688.328154327386,-0.03116718456726142,-0.03546066196065889,0.03859580575050612,-0.9161729548642065,-1.2484572354704946,-0.034290930552065446,-1.0341119762503204,20.0,196.27564547276478
eur_usd,2024,2024-01-01 00:00:00+00:00,2024-11-05 00:00:00+00:00,random,30,10000.0,9222.618217953735,-0.07773817820462657,-0.08811195171660131,0.03733234431672052,-2.464338886918067,-3.0698060388650084,-0.08314599583287989,-1.0526369195106744,73.03333333333333,698.5160634901652
gold,2016,2016-01-04 00:00:00+00:00,2016-12-30 00:00:00+00:00,cash,1,10000.0,10000.0,0.0,0.0,0.0,,,0.0,,0.0,0.0
gold,2016,2016-01-04 00:00:00+00:00,2016-12-30 00:00:00+00:00,buy_and_hold,1,10000.0,10681.01548974245,0.06810154897424514,0.06894971135186112,0.1624679097795054,0.4910956061518377,0.7467659417216143,-0.17371233888556936,0.3969189050944781,1.0,10.0
gold,2016,2016-01-04 00:00:00+00:00,2016-12-30 00:00:00+00:00,ma_10_30,1,10000.0,10136.632380818084,0.013663238081808471,0.013828988473719717,0.13931278415019097,0.16762778858819222,0.2585422768710671,-0.14199092635626553,0.0973934661079806,10.0,108.98438757430917
gold,2016,2016-01-04 00:00:00+00:00,2016-12-30 00:00:00+00:00,momentum_20,1,10000.0,9786.897451955165,-0.021310254804483564,-0.021564216559021854,0.13795598274103843,-0.08972721730495414,-0.14022470350718202,-0.16354512397427878,-0.13185484247401544,22.0,234.67078693318624
gold,2016,2016-01-04 00:00:00+00:00,2016-12-30 00:00:00+00:00,random,30,10000.0,9605.5657920817,-0.03944342079182998,-0.03988856518092298,0.11366880335339434,-0.3225286054364181,-0.43310686778814317,-0.14629524506115293,-0.21274305578437092,82.46666666666667,859.9432630499055
gold,2017,2017-01-03 00:00:00+00:00,2017-12-29 00:00:00+00:00,cash,1,10000.0,10000.0,0.0,0.0,0.0,,,0.0,,0.0,0.0
gold,2017,2017-01-03 00:00:00+00:00,2017-12-29 00:00:00+00:00,buy_and_hold,1,10000.0,11285.94390445515,0.1285943904455149,0.12968715433761635,0.10386461079842972,1.2260340646737165,1.8197850435455216,-0.07986627043090644,1.623803811520293,1.0,10.0
gold,2017,2017-01-03 00:00:00+00:00,2017-12-29 00:00:00+00:00,ma_10_30,1,10000.0,9643.438923590087,-0.03565610764099125,-0.035936168851601,0.07870151729466285,-0.4257774707674292,-0.585796364907292,-0.08835322522970035,-0.40673296032119144,12.0,119.06078030380738
gold,2017,2017-01-03 00:00:00+00:00,2017-12-29 00:00:00+00:00,momentum_20,1,10000.0,9940.764214722223,-0.005923578527777695,-0.005970825400091084,0.0798960441359444,-0.03516915129269694,-0.049930892705969086,-0.08341627080916802,-0.07157866615435954,29.0,289.2746090716813
gold,2017,2017-01-03 00:00:00+00:00,2017-12-29 00:00:00+00:00,random,30,10000.0,9555.37772901191,-0.044462227098808885,-0.044800181259184425,0.07035589747131227,-0.6318540276162162,-0.8159238834201782,-0.10301881470855417,-0.31657998543596133,82.96666666666667,816.6780763191796
gold,2018,2018-01-02 00:00:00+00:00,2018-12-31 00:00:00+00:00,cash,1,10000.0,10000.0,0.0,0.0,0.0,,,0.0,,0.0,0.0
gold,2018,2018-01-02 00:00:00+00:00,2018-12-31 00:00:00+00:00,buy_and_hold,1,10000.0,9674.407187721947,-0.03255928122780538,-0.032945028153534395,0.10553626557382872,-0.2648990943336231,-0.37977065947819366,-0.13667063263762635,-0.24105418638754733,1.0,10.0
gold,2018,2018-01-02 00:00:00+00:00,2018-12-31 00:00:00+00:00,ma_10_30,1,10000.0,9979.143403063457,-0.0020856596936542626,-0.002110761585068177,0.06504725739978914,-0.00010581805637798897,-0.0001502647228658048,-0.07955160166102693,-0.02653323806178322,11.0,108.16731526344107
gold,2018,2018-01-02 00:00:00+00:00,2018-12-31 00:00:00+00:00,momentum_20,1,10000.0,9211.19482604164,-0.07888051739583601,-0.07979192476618835,0.073001885367632,-1.1024708809306045,-1.4078385926797805,-0.13992731389652957,-0.5702383798004667,31.0,292.9552322389857
gold,2018,2018-01-02 00:00:00+00:00,2018-12-31 00:00:00+00:00,random,30,10000.0,9050.270799982572,-0.09497292000174268,-0.0960480436917803,0.07251563503774383,-1.3689773481802443,-1.8164236717303146,-0.14252885268411636,-0.6454151986925705,82.46666666666667,777.6092618840161
gold,2019,2019-01-02 00:00:00+00:00,2019-12-31 00:00:00+00:00,cash,1,10000.0,10000.0,0.0,0.0,0.0,,,0.0,,0.0,0.0
gold,2019,2019-01-02 00:00:00+00:00,2019-12-31 00:00:00+00:00,buy_and_hold,1,10000.0,11796.553018337298,0.17965530183372969,0.18043207274988582,0.11529599151350124,1.4965386289095979,2.2942148438981382,-0.06334262410455138,2.8485095984035995,1.0,10.0
gold,2019,2019-01-02 00:00:00+00:00,2019-12-31 00:00:00+00:00,ma_10_30,1,10000.0,11254.531549831385,0.12545315498313858,0.12598321018373726,0.09205161234334597,1.3349848686223615,2.192899502494344,-0.06120090810897649,2.0585186409228946,9.0,94.23275508284966
gold,2019,2019-01-02 00:00:00+00:00,2019-12-31 00:00:00+00:00,momentum_20,1,10000.0,10941.154005973838,0.09411540059738388,0.09450754856385202,0.09635404286455701,0.9851950415275208,1.5709520782588537,-0.09879460124972828,0.9566064073173427,27.0,284.15075009537156
gold,2019,2019-01-02 00:00:00+00:00,2019-12-31 00:00:00+00:00,random,30,10000.0,9805.60834208757,-0.019439165791243003,-0.01950990259031595,0.08143301741604198,-0.23951369309711648,-0.27734238715651277,-0.08583421354371228,-0.09388591838022521,83.26666666666667,821.905011937227
gold,2020,2020-01-02 00:00:00+00:00,2020-12-31 00:00:00+00:00,cash,1,10000.0,10000.0,0.0,0.0,0.0,,,0.0,,0.0,0.0
gold,2020,2020-01-02 00:00:00+00:00,2020-12-31 00:00:00+00:00,buy_and_hold,1,10000.0,12373.07957530923,0.23730795753092293,0.23730795753092293,0.21695748424292097,1.0899362906085193,1.5856428542132537,-0.14192517881113165,1.6720638262976781,1.0,10.0
gold,2020,2020-01-02 00:00:00+00:00,2020-12-31 00:00:00+00:00,ma_10_30,1,10000.0,11260.380366855094,0.1260380366855094,0.1260380366855094,0.1692007543902417,0.786366318879972,1.0891343129803854,-0.11776646830210513,1.0702370420261333,11.0,117.61574434905813
gold,2020,2020-01-02 00:00:00+00:00,2020-12-31 00:00:00+00:00,momentum_20,1,10000.0,9055.217978894101,-0.09447820211058988,-0.09447820211058988,0.17698578370174856,-0.47187754713325775,-0.6070306494045664,-0.17373287093167278,-0.5438130481810038,39.0,375.2540818518015
gold,2020,2020-01-02 00:00:00+00:00,2020-12-31 00:00:00+00:00,random,30,10000.0,10061.863228037215,0.006186322803721422,0.006186322803721422,0.15141253837666113,0.05807994938814119,0.1388542975083393,-0.14345283609831702,0.21810839418481284,83.46666666666667,846.4207456828917
gold,2021,2021-01-04 00:00:00+00:00,2021-12-31 00:00:00+00:00,cash,1,10000.0,10000.0,0.0,0.0,0.0,,,0.0,,0.0,0.0
gold,2021,2021-01-04 00:00:00+00:00,2021-12-31 00:00:00+00:00,buy_and_hold,1,10000.0,9387.31436593192,-0.061268563406808085,-0.0615049961518811,0.14752092226166805,-0.3562832810976999,-0.45544963366669905,-0.1414244888258882,-0.43489636527943676,1.0,10.0
gold,2021,2021-01-04 00:00:00+00:00,2021-12-31 00:00:00+00:00,ma_10_30,1,10000.0,8924.08086726857,-0.10759191327314288,-0.10799654015353355,0.11179442512397453,-0.9657277847270141,-1.1425410402387337,-0.1506405411477163,-0.716915508472805,11.0,101.13761512195993
gold,2021,2021-01-04 00:00:00+00:00,2021-12-31 00:00:00+00:00,momentum_20,1,10000.0,9293.97749105146,-0.07060225089485395,-0.0708733232860248,0.10050468509211054,-0.6808827852670393,-0.8450757584524548,-0.12907681630898749,-0.5490786441181379,21.0,199.7768378902598
gold,2021,2021-01-04 00:00:00+00:00,2021-12-31 00:00:00+00:00,random,30,10000.0,8986.59672388343,-0.10134032761165714,-0.10171850444223492,0.10028543054909538,-1.023188339464503,-1.2753865788057228,-0.13528291953916602,-0.72218555380376,83.26666666666667,769.9013972046246
gold,2022,2022-01-03 00:00:00+00:00,2022-12-30 00:00:00+00:00,cash,1,10000.0,10000.0,0.0,0.0,0.0,,,0.0,,0.0,0.0
gold,2022,2022-01-03 00:00:00+00:00,2022-12-30 00:00:00+00:00,buy_and_hold,1,10000.0,10129.219787631135,0.012921978763113406,0.013026024988287421,0.15703855751684392,0.16053020768147258,0.23191571142151418,-0.20183037956201422,0.06453946634076986,1.0,10.0
gold,2022,2022-01-03 00:00:00+00:00,2022-12-30 00:00:00+00:00,ma_10_30,1,10000.0,9482.102654916114,-0.05178973450838853,-0.052193047718086305,0.1153522404963915,-0.4072729953564999,-0.5716493447602502,-0.1723632838072685,-0.3028083856678376,15.0,145.66891195061768
gold,2022,2022-01-03 00:00:00+00:00,2022-12-30 00:00:00+00:00,momentum_20,1,10000.0,10197.170750258445,0.01971707502584441,0.0198763689981325,0.12097944822576813,0.22279693659073155,0.33187261937843726,-0.17383124350222257,0.11434290290789045,27.0,267.6877446058253
gold,2022,2022-01-03 00:00:00+00:00,2022-12-30 00:00:00+00:00,random,30,10000.0,9463.42192892162,-0.053657807107838185,-0.054034206444905086,0.10769069114201547,-0.5082346912391824,-0.6183665618148029,-0.16793358812125944,-0.16193733564158697,82.96666666666667,798.0699761719301
gold,2023,2023-01-03 00:00:00+00:00,2023-12-29 00:00:00+00:00,cash,1,10000.0,10000.0,0.0,0.0,0.0,,,0.0,,0.0,0.0
gold,2023,2023-01-03 00:00:00+00:00,2023-12-29 00:00:00+00:00,buy_and_hold,1,10000.0,11216.823669786168,0.1216823669786169,0.12271325975748604,0.13406248879492014,0.9302191554655684,1.4335646919165586,-0.10891662580237615,1.1266715145963409,1.0,10.0
gold,2023,2023-01-03 00:00:00+00:00,2023-12-29 00:00:00+00:00,ma_10_30,1,10000.0,10004.811157356955,0.00048111573569542543,0.00048496559472899214,0.10671021838156584,0.057644127785956234,0.08394012214841345,-0.12834192924186172,0.003778699584724719,13.0,128.90967845145468
gold,2023,2023-01-03 00:00:00+00:00,2023-12-29 00:00:00+00:00,momentum_20,1,10000.0,10071.067790197281,0.0071067790197281155,0.007163836416454128,0.10718472424339588,0.11994967130039813,0.17359762866487174,-0.10615526996877411,0.0674845103645009,33.0,334.5650473627681
gold,2023,2023-01-03 00:00:00+00:00,2023-12-29 00:00:00+00:00,random,30,10000.0,9620.13440831176,-0.037986559168824124,-0.0382752103157463,0.09148616828423799,-0.4109252375359333,-0.5491586472889755,-0.12411823413754082,-0.28480982548561656,82.96666666666667,818.2039234270783
gold,2024,2024-01-02 00:00:00+00:00,2024-11-05 00:00:00+00:00,cash,1,10000.0,10000.0,0.0,0.0,0.0,,,0.0,,0.0,0.0
gold,2024,2024-01-02 00:00:00+00:00,2024-11-05 00:00:00+00:00,buy_and_hold,1,10000.0,13283.767981744764,0.3283767981744765,0.39926907000415746,0.1445345489648036,2.3979915758342742,3.5327073592253204,-0.051384067594064,7.770289288080454,1.0,10.0
gold,2024,2024-01-02 00:00:00+00:00,2024-11-05 00:00:00+00:00,ma_10_30,1,10000.0,12468.56360235989,0.246856360235989,0.298255817736651,0.12609869225450257,2.1338977103752055,3.1861202881758866,-0.07931216516718442,3.7605305202291333,9.0,92.53203887674923
gold,2024,2024-01-02 00:00:00+00:00,2024-11-05 00:00:00+00:00,momentum_20,1,10000.0,11610.488260894193,0.1610488260894194,0.1932309674887227,0.13179127870921192,1.4066848279388497,2.0259068637164055,-0.12530976220547763,1.5420264478027719,27.0,276.2100838605155
gold,2024,2024-01-02 00:00:00+00:00,2024-11-05 00:00:00+00:00,random,30,10000.0,10692.820471983998,0.06928204719839999,0.08296199930600118,0.10150399206345757,0.804986029012653,1.227610608992902,-0.07182118121467847,1.5294430318186214,70.73333333333333,729.6989497064616
sp500,2016,2016-01-04 00:00:00+00:00,2016-12-30 00:00:00+00:00,cash,1,10000.0,10000.0,0.0,0.0,0.0,,,0.0,,0.0,0.0
sp500,2016,2016-01-04 00:00:00+00:00,2016-12-30 00:00:00+00:00,buy_and_hold,1,10000.0,11106.43275585465,0.11064327558546494,0.11110771613749626,0.1302479438507442,0.8740475602956082,1.2451047830597615,-0.09303767448819933,1.1942228430439639,1.0,10.0
sp500,2016,2016-01-04 00:00:00+00:00,2016-12-30 00:00:00+00:00,ma_10_30,1,10000.0,10562.819668716138,0.05628196687161391,0.05651241787160455,0.0737829930961974,0.7820294432880458,1.0904044861726945,-0.054306859160041854,1.0406128939451815,11.0,114.21711824798105
sp500,2016,2016-01-04 00:00:00+00:00,2016-12-30 00:00:00+00:00,momentum_20,1,10000.0,10198.316280001052,0.019831628000105184,0.019911419916360362,0.08208230234641115,0.2812843653839078,0.37520475994153685,-0.10158733565035871,0.19600297408026424,25.0,254.8162310919535
sp500,2016,2016-01-04 00:00:00+00:00,2016-12-30 00:00:00+00:00,random,30,10000.0,9663.554674316427,-0.03364453256835716,-0.03377158403764002,0.09066484826002051,-0.3479230213084373,-0.4369800065838344,-0.09277107492841342,-0.233456491263279,83.26666666666667,807.950993512055
sp500,2017,2017-01-03 00:00:00+00:00,2017-12-29 00:00:00+00:00,cash,1,10000.0,10000.0,0.0,0.0,0.0,,,0.0,,0.0,0.0
sp500,2017,2017-01-03 00:00:00+00:00,2017-12-29 00:00:00+00:00,buy_and_hold,1,10000.0,11809.941554576373,0.1809941554576373,0.18256693106076405,0.06638013356012923,2.5600879945330224,3.971004370486444,-0.02796791718481184,6.527727104394753,1.0,10.0
sp500,2017,2017-01-03 00:00:00+00:00,2017-12-29 00:00:00+00:00,ma_10_30,1,10000.0,11063.398719489425,0.10633987194894257,0.10723466207245469,0.059775276817547726,1.734296023593741,2.531212117515348,-0.04031800953726428,2.659721134629479,7.0,71.96034961030028
sp500,2017,2017-01-03 00:00:00+00:00,2017-12-29 00:00:00+00:00,momentum_20,1,10000.0,11324.903099572442,0.1324903099572443,0.13361809783159018,0.05767604333820814,2.2037414969455527,3.412603230728955,-0.026566165720344648,5.029634281369556,13.0,135.28211391777913
sp500,2017,2017-01-03 00:00:00+00:00,2017-12-29 00:00:00+00:00,random,30,10000.0,9971.460283107112,-0.0028539716892887553,-0.00287075171129663,0.04546557264072973,-0.07026593969001702,-0.008494972935123631,-0.048851945321774844,0.3686291611759319,82.96666666666667,827.4574734163846
sp500,2018,2018-01-02 00:00:00+00:00,2018-12-31 00:00:00+00:00,cash,1,10000.0,10000.0,0.0,0.0,0.0,,,0.0,,0.0,0.0
sp500,2018,2018-01-02 00:00:00+00:00,2018-12-31 00:00:00+00:00,buy_and_hold,1,10000.0,9282.736834541827,-0.07172631654581729,-0.0722788734464731,0.17058225926482853,-0.35449663182186303,-0.4643292324139185,-0.19778210435681987,-0.3654469835960202,1.0,10.0
sp500,2018,2018-01-02 00:00:00+00:00,2018-12-31 00:00:00+00:00,ma_10_30,1,10000.0,8815.909499955033,-0.11840905000449675,-0.11929743693521488,0.10814612059461748,-1.1199622778295668,-1.319537111053287,-0.1712883233717032,-0.6964715083136999,10.0,93.28850131505492
sp500,2018,2018-01-02 00:00:00+00:00,2018-12-31 00:00:00+00:00,momentum_20,1,10000.0,8897.274659901828,-0.11027253400981718,-0.11110379208679166,0.09850625130072979,-1.1458487443789047,-1.372581495119473,-0.16363984897221184,-0.6789531570984187,26.0,241.2617614610786
sp500,2018,2018-01-02 00:00:00+00:00,2018-12-31 00:00:00+00:00,random,30,10000.0,8893.807934083648,-0.11061920659163518,-0.11143409569613141,0.1158546372004719,-0.9866420216126137,-1.228541243321732,-0.16766020000363924,-0.6149053239578227,82.96666666666667,801.2756017775519
sp500,2019,2019-01-02 00:00:00+00:00,2019-12-31 00:00:00+00:00,cash,1,10000.0,10000.0,0.0,0.0,0.0,,,0.0,,0.0,0.0
sp500,2019,2019-01-02 00:00:00+00:00,2019-12-31 00:00:00+00:00,buy_and_hold,1,10000.0,12952.058454747885,0.29520584547478856,0.2965413160663877,0.12384403900951078,2.159862631145067,3.1527693069201486,-0.0683610804467385,4.337867601396806,1.0,10.0
sp500,2019,2019-01-02 00:00:00+00:00,2019-12-31 00:00:00+00:00,ma_10_30,1,10000.0,11353.448377377075,0.13534483773770756,0.135919152734989,0.08998926907777402,1.461526788806477,2.023069848485723,-0.08361591147719383,1.6255178031762632,7.0,73.96677330801948
sp500,2019,2019-01-02 00:00:00+00:00,2019-12-31 00:00:00+00:00,momentum_20,1,10000.0,11800.535088191511,0.18005350881915105,0.18083212973942198,0.07885823328666895,2.147812276250236,3.2751331851068266,-0.048670776346685596,3.7154149432781005,9.0,98.36468866219514
sp500,2019,2019-01-02 00:00:00+00:00,2019-12-31 00:00:00+00:00,random,30,10000.0,10234.680817969907,0.02346808179699094,0.02356718806881366,0.08232953609455632,0.3170036930617603,0.47963644831072944,-0.08609829875824741,0.467291825341343,83.26666666666667,852.8966660713153
sp500,2020,2020-01-02 00:00:00+00:00,2020-12-31 00:00:00+00:00,cash,1,10000.0,10000.0,0.0,0.0,0.0,,,0.0,,0.0,0.0
sp500,2020,2020-01-02 00:00:00+00:00,2020-12-31 00:00:00+00:00,buy_and_hold,1,10000.0,11630.1772689888,0.16301772689887994,0.16301772689887994,0.34482253564231036,0.611468319567373,0.8398858115392189,-0.3392496000265327,0.48052444832987373,1.0,10.0
sp500,2020,2020-01-02 00:00:00+00:00,2020-12-31 00:00:00+00:00,ma_10_30,1,10000.0,10730.2119469088,0.07302119469087986,0.07302119469087986,0.17645285362072985,0.48820743005962564,0.6256407319772125,-0.1584690809921686,0.4607914315757817,9.0,90.60155153743914
sp500,2020,2020-01-02 00:00:00+00:00,2020-12-31 00:00:00+00:00,momentum_20,1,10000.0,11458.134525745787,0.14581345257457867,0.14581345257457867,0.16750996893685505,0.8969421020898757,1.175579392439035,-0.12766400987207993,1.1421656950982864,21.0,220.96738232850072
sp500,2020,2020-01-02 00:00:00+00:00,2020-12-31 00:00:00+00:00,random,30,10000.0,9954.064166635366,-0.00459358333646344,-0.00459358333646344,0.21712677085394672,0.09653655759814214,0.22780657938913632,-0.21148001281347534,0.3158332525737369,83.46666666666667,795.8148016933176
sp500,2021,2021-01-04 00:00:00+00:00,2021-12-31 00:00:00+00:00,cash,1,10000.0,10000.0,0.0,0.0,0.0,,,0.0,,0.0,0.0
sp500,2021,2021-01-04 00:00:00+00:00,2021-12-31 00:00:00+00:00,buy_and_hold,1,10000.0,12875.576580055971,0.2875576580055972,0.288854830956496,0.13029151586408302,2.0135136868653256,3.0095219959311788,-0.05212537590104849,5.541539527788533,1.0,10.0
sp500,2021,2021-01-04 00:00:00+00:00,2021-12-31 00:00:00+00:00,ma_10_30,1,10000.0,11484.476974026304,0.1484476974026303,0.14908117095776818,0.11338825062831301,1.2824392950106513,1.8457849478153403,-0.05348811460462355,2.7871831351647884,9.0,96.0159060674517
sp500,2021,2021-01-04 00:00:00+00:00,2021-12-31 00:00:00+00:00,momentum_20,1,10000.0,10451.93713141513,0.04519371314151299,0.045377792708244824,0.10774881322032545,0.46570464038646214,0.6302348496586414,-0.07180992972517886,0.6319152919646142,31.0,320.3855149688837
sp500,2021,2021-01-04 00:00:00+00:00,2021-12-31 00:00:00+00:00,random,30,10000.0,10307.349979691176,0.030734997969117557,0.030866903425077342,0.08674758811541308,0.36549535686952533,0.5742413214322686,-0.0673779693661848,0.74060009028889,83.26666666666667,848.3481338244418
sp500,2022,2022-01-03 00:00:00+00:00,2022-12-30 00:00:00+00:00,cash,1,10000.0,10000.0,0.0,0.0,0.0,,,0.0,,0.0,0.0
sp500,2022,2022-01-03 00:00:00+00:00,2022-12-30 00:00:00+00:00,buy_and_hold,1,10000.0,7983.458640136688,-0.2016541359863312,-0.20309122623767994,0.2421269247600908,-0.816515067730719,-1.1246932672136507,-0.2562294232733813,-0.7926147732885224,1.0,10.0
sp500,2022,2022-01-03 00:00:00+00:00,2022-12-30 00:00:00+00:00,ma_10_30,1,10000.0,8518.913732100507,-0.1481086267899493,-0.1492003666177616,0.1393948335108514,-1.0894611292753618,-1.4831440141729617,-0.1768845238457155,-0.8434902238700037,10.0,90.5945587709437
sp500,2022,2022-01-03 00:00:00+00:00,2022-12-30 00:00:00+00:00,momentum_20,1,10000.0,9223.405263208873,-0.07765947367911263,-0.07825578272248623,0.13744421806975374,-0.5246358280849239,-0.7663446092291499,-0.13423790534397084,-0.5829633777580471,24.0,226.18472237420818
sp500,2022,2022-01-03 00:00:00+00:00,2022-12-30 00:00:00+00:00,random,30,10000.0,8532.556334093553,-0.14674436659064483,-0.1477990246340509,0.16293938926986892,-0.9334587342637554,-1.2498511365438687,-0.20627847064231625,-0.6777662738341365,82.96666666666667,741.9113411427036
sp500,2023,2023-01-03 00:00:00+00:00,2023-12-29 00:00:00+00:00,cash,1,10000.0,10000.0,0.0,0.0,0.0,,,0.0,,0.0,0.0
sp500,2023,2023-01-03 00:00:00+00:00,2023-12-29 00:00:00+00:00,buy_and_hold,1,10000.0,12407.84747981817,0.24078474798181704,0.24401414709124647,0.13093569561721993,1.733438992887241,2.6759177213194634,-0.10276617093291363,2.3744598526546286,1.0,10.0
sp500,2023,2023-01-03 00:00:00+00:00,2023-12-29 00:00:00+00:00,ma_10_30,1,10000.0,11203.178204797741,0.12031782047977413,0.12185238872560156,0.09805641769284784,1.2216576191087112,1.8830710879610317,-0.06391041668693687,1.9066123339876124,9.0,92.18680298355397
sp500,2023,2023-01-03 00:00:00+00:00,2023-12-29 00:00:00+00:00,momentum_20,1,10000.0,11254.816200548836,0.1254816200548836,0.12708570623282478,0.09657349358061972,1.287161692444407,1.9556238873245595,-0.06995606162178791,1.8166503843498782,21.0,216.0528346135824
sp500,2023,2023-01-03 00:00:00+00:00,2023-12-29 00:00:00+00:00,random,30,10000.0,10119.246550749522,0.011924655074952266,0.012087980535779181,0.08956380189488053,0.15734432224958408,0.2694836435835254,-0.1021686611479817,0.2332897168120304,82.46666666666667,828.6751608856413
sp500,2024,2024-01-02 00:00:00+00:00,2024-11-05 00:00:00+00:00,cash,1,10000.0,10000.0,0.0,0.0,0.0,,,0.0,,0.0,0.0
sp500,2024,2024-01-02 00:00:00+00:00,2024-11-05 00:00:00+00:00,buy_and_hold,1,10000.0,12226.225687182408,0.22262256871824082,0.2684563452745843,0.12489567255154377,1.9671572322827442,2.88094269577509,-0.08485144350207374,3.1638394609989553,1.0,10.0
sp500,2024,2024-01-02 00:00:00+00:00,2024-11-05 00:00:00+00:00,ma_10_30,1,10000.0,11452.856029631606,0.14528560296316062,0.17408850322226121,0.1041499008420379,1.593363144471737,2.317763150418186,-0.0744383177854403,2.338694752936933,5.0,53.76990007398642
sp500,2024,2024-01-02 00:00:00+00:00,2024-11-05 00:00:00+00:00,momentum_20,1,10000.0,11434.837567250765,0.1434837567250764,0.1719034444886265,0.10537249895215206,1.5584106492711691,2.2430118426023684,-0.09588021314182948,1.7928980219760327,13.0,143.7354412494792
sp500,2024,2024-01-02 00:00:00+00:00,2024-11-05 00:00:00+00:00,random,30,10000.0,10221.585767042094,0.022158576704209388,0.026610576903747317,0.08598395642617505,0.353049986938057,0.56688923520074,-0.07538807522357939,0.7253723575185947,70.73333333333333,719.9374657281774
