market,window,year,half,calendar_start,calendar_end,observation_start,observation_end,observation_count,start_close,end_close,total_return,log_return,annualized_volatility,window_volatility,trend_score
btc_usd,2015_H1,2015,H1,2015-01-01 00:00:00+00:00,2015-06-30 00:00:00+00:00,2015-01-01 00:00:00+00:00,2015-06-30 00:00:00+00:00,181,314.2489929199219,263.0719909667969,-0.16285494339250317,-0.17775791812300432,0.7617299021157558,0.5349224495833459,-0.3323059599787987
btc_usd,2015_H2,2015,H2,2015-07-01 00:00:00+00:00,2015-12-31 00:00:00+00:00,2015-07-01 00:00:00+00:00,2015-12-31 00:00:00+00:00,184,258.6210021972656,430.5669860839844,0.6648570008848906,0.5097392343896289,0.641326859289787,0.45410736073441693,1.1225081962231132
btc_usd,2016_H1,2016,H1,2016-01-01 00:00:00+00:00,2016-06-30 00:00:00+00:00,2016-01-01 00:00:00+00:00,2016-06-30 00:00:00+00:00,182,434.3340148925781,673.3369750976562,0.5502745629171817,0.4384320526101082,0.5775428834557239,0.40670273410431845,1.078015995087093
btc_usd,2016_H2,2016,H2,2016-07-01 00:00:00+00:00,2016-12-31 00:00:00+00:00,2016-07-01 00:00:00+00:00,2016-12-31 00:00:00+00:00,184,676.2960205078125,963.7429809570312,0.4250312758507473,0.3541937614451975,0.36957097869482525,0.26168388132845993,1.3535176857172229
btc_usd,2017_H1,2017,H1,2017-01-01 00:00:00+00:00,2017-06-30 00:00:00+00:00,2017-01-01 00:00:00+00:00,2017-06-30 00:00:00+00:00,181,998.3250122070312,2480.840087890625,1.4850024366374903,0.9102736400863368,0.7618792417373957,0.5350273228671772,1.7013591664968408
btc_usd,2017_H2,2017,H2,2017-07-01 00:00:00+00:00,2017-12-31 00:00:00+00:00,2017-07-01 00:00:00+00:00,2017-12-31 00:00:00+00:00,184,2434.550048828125,14156.400390625,4.8147912783469815,1.760404891662975,1.0939675425693343,0.7746108030395217,2.272631474742235
btc_usd,2018_H1,2018,H1,2018-01-01 00:00:00+00:00,2018-06-30 00:00:00+00:00,2018-01-01 00:00:00+00:00,2018-06-30 00:00:00+00:00,181,13657.2001953125,6404.0,-0.5310898347819477,-0.7573440742603036,0.9633203236830995,0.6764886948073068,-1.1195221443811827
btc_usd,2018_H2,2018,H2,2018-07-01 00:00:00+00:00,2018-12-31 00:00:00+00:00,2018-07-01 00:00:00+00:00,2018-12-31 00:00:00+00:00,184,6385.81982421875,3742.700439453125,-0.41390447233437055,-0.534272486196621,0.6543127074308995,0.46330231201524885,-1.1531832938037148
btc_usd,2019_H1,2019,H1,2019-01-01 00:00:00+00:00,2019-06-30 00:00:00+00:00,2019-01-01 00:00:00+00:00,2019-06-30 00:00:00+00:00,181,3843.52001953125,10817.1552734375,1.8143876494642908,1.034744706654508,0.6856734734506457,0.48151205960771487,2.1489486836477334
btc_usd,2019_H2,2019,H2,2019-07-01 00:00:00+00:00,2019-12-31 00:00:00+00:00,2019-07-01 00:00:00+00:00,2019-12-31 00:00:00+00:00,184,10583.134765625,7193.59912109375,-0.32027709365856094,-0.3860700545332252,0.6597007118792383,0.4671174219614781,-0.8264946593344218
btc_usd,2020_H1,2020,H1,2020-01-01 00:00:00+00:00,2020-06-30 00:00:00+00:00,2020-01-01 00:00:00+00:00,2020-06-30 00:00:00+00:00,182,7200.17431640625,9137.9931640625,0.2691349906960938,0.2383355587218027,0.9475207484251602,0.6672392475850245,0.35719655218787505
btc_usd,2020_H2,2020,H2,2020-07-01 00:00:00+00:00,2020-12-31 00:00:00+00:00,2020-07-01 00:00:00+00:00,2020-12-31 00:00:00+00:00,184,9228.3251953125,29001.720703125,2.142685166519309,1.1450775830619666,0.5319713665163375,0.3766754966454002,3.039957717610538
btc_usd,2021_H1,2021,H1,2021-01-01 00:00:00+00:00,2021-06-30 00:00:00+00:00,2021-01-01 00:00:00+00:00,2021-06-30 00:00:00+00:00,181,29374.15234375,35040.8359375,0.19291394445823773,0.17639900678244694,0.9398136186750171,0.6599811844816248,0.2672788420794112
btc_usd,2021_H2,2021,H2,2021-07-01 00:00:00+00:00,2021-12-31 00:00:00+00:00,2021-07-01 00:00:00+00:00,2021-12-31 00:00:00+00:00,184,33572.1171875,46306.4453125,0.37931263178544516,0.32158528217053545,0.6460386340509984,0.4574436495085347,0.7030052390410012
btc_usd,2022_H1,2022,H1,2022-01-01 00:00:00+00:00,2022-06-30 00:00:00+00:00,2022-01-01 00:00:00+00:00,2022-06-30 00:00:00+00:00,181,47686.8125,19784.7265625,-0.5851111549445667,-0.8797446378677655,0.7146233762806505,0.5018420386383565,-1.7530309741582604
btc_usd,2022_H2,2022,H2,2022-07-01 00:00:00+00:00,2022-12-31 00:00:00+00:00,2022-07-01 00:00:00+00:00,2022-12-31 00:00:00+00:00,184,19269.3671875,16547.49609375,-0.1412537872813837,-0.15228184568107736,0.5624283032862959,0.39824128478029464,-0.38238588388717554
btc_usd,2023_H1,2023,H1,2023-01-01 00:00:00+00:00,2023-06-30 00:00:00+00:00,2023-01-01 00:00:00+00:00,2023-06-30 00:00:00+00:00,181,16625.080078125,30477.251953125,0.8332093325208372,0.6060681644760275,0.48351589542128665,0.3395475305260301,1.784928794908628
btc_usd,2023_H2,2023,H2,2023-07-01 00:00:00+00:00,2023-12-31 00:00:00+00:00,2023-07-01 00:00:00+00:00,2023-12-31 00:00:00+00:00,184,30590.078125,42265.1875,0.3816632741927657,0.3232880445671106,0.37976443225337414,0.2689016084908114,1.2022540377558122
btc_usd,2024_H1,2024,H1,2024-01-01 00:00:00+00:00,2024-06-30 00:00:00+00:00,2024-01-01 00:00:00+00:00,2024-06-30 00:00:00+00:00,182,44167.33203125,62678.29296875,0.4191097828685424,0.35002976154789206,0.5452890384956143,0.3839897420366757,0.9115601882783108
eur_usd,2015_H1,2015,H1,2015-01-01 00:00:00+00:00,2015-06-30 00:00:00+00:00,2015-01-01 00:00:00+00:00,2015-06-30 00:00:00+00:00,129,1.2098628282546997,1.122296690940857,-0.07237691353834075,-0.07512978553007084,0.13887162917021711,0.09897334420915703,-0.7590911081199964
eur_usd,2015_H2,2015,H2,2015-07-01 00:00:00+00:00,2015-12-31 00:00:00+00:00,2015-07-01 00:00:00+00:00,2015-12-31 00:00:00+00:00,132,1.1134989261627195,1.093398094177246,-0.0180519545310599,-0.01821687888172797,0.10538629371545503,0.07598353748976377,-0.23974770698431988
eur_usd,2016_H1,2016,H1,2016-01-01 00:00:00+00:00,2016-06-30 00:00:00+00:00,2016-01-01 00:00:00+00:00,2016-06-30 00:00:00+00:00,130,1.0859060287475586,1.1128050088882446,0.024771001752067034,0.02446917470517365,0.09101532693005099,0.06511920924405036,0.3757597026933997
eur_usd,2016_H2,2016,H2,2016-07-01 00:00:00+00:00,2016-12-31 00:00:00+00:00,2016-07-01 00:00:00+00:00,2016-12-30 00:00:00+00:00,131,1.1106051206588743,1.0575296878814695,-0.047789652496755486,-0.04896931533763753,0.07592113921902044,0.05452982726245366,-0.8980280664001882
eur_usd,2017_H1,2017,H1,2017-01-01 00:00:00+00:00,2017-06-30 00:00:00+00:00,2017-01-02 00:00:00+00:00,2017-06-30 00:00:00+00:00,130,1.052698016166687,1.144164800643921,0.08688796128855891,0.08331853133517503,0.075956859867911,0.05434524951012816,1.533133660921866
eur_usd,2017_H2,2017,H2,2017-07-01 00:00:00+00:00,2017-12-31 00:00:00+00:00,2017-07-03 00:00:00+00:00,2017-12-29 00:00:00+00:00,128,1.1423088312149048,1.1941723823547363,0.045402390074032795,0.044401873571125405,0.06922479445595281,0.04914318104405915,0.9035205419713684
eur_usd,2018_H1,2018,H1,2018-01-01 00:00:00+00:00,2018-06-30 00:00:00+00:00,2018-01-01 00:00:00+00:00,2018-06-29 00:00:00+00:00,130,1.200494647026062,1.1562966108322144,-0.03681652084275233,-0.03751135661241955,0.07635137968606119,0.054627518655947865,-0.6866750959103887
eur_usd,2018_H2,2018,H2,2018-07-01 00:00:00+00:00,2018-12-31 00:00:00+00:00,2018-07-02 00:00:00+00:00,2018-12-31 00:00:00+00:00,131,1.1678558588027954,1.1439945697784424,-0.020431707256076903,-0.020643321982147182,0.06478110311758499,0.046528574244419585,-0.44366977319583445
eur_usd,2019_H1,2019,H1,2019-01-01 00:00:00+00:00,2019-06-30 00:00:00+00:00,2019-01-01 00:00:00+00:00,2019-06-28 00:00:00+00:00,128,1.1493064165115356,1.1372941732406616,-0.010451732539120906,-0.010506735482030509,0.054217271136974624,0.03848923196001007,-0.27297856951125715
eur_usd,2019_H2,2019,H2,2019-07-01 00:00:00+00:00,2019-12-31 00:00:00+00:00,2019-07-01 00:00:00+00:00,2019-12-31 00:00:00+00:00,132,1.1364928483963013,1.120229721069336,-0.014309924914982175,-0.014413299261691314,0.04842232594789726,0.03491250606969622,-0.4128405801897431
eur_usd,2020_H1,2020,H1,2020-01-01 00:00:00+00:00,2020-06-30 00:00:00+00:00,2020-01-01 00:00:00+00:00,2020-06-30 00:00:00+00:00,130,1.1220825910568235,1.1247202157974243,0.0023506511567179533,0.0023478926982243766,0.08492352853419054,0.06076067856803047,0.03864164709081659
eur_usd,2020_H2,2020,H2,2020-07-01 00:00:00+00:00,2020-12-31 00:00:00+00:00,2020-07-01 00:00:00+00:00,2020-12-31 00:00:00+00:00,132,1.1235954761505127,1.2299896478652954,0.09469081530952206,0.09047196294932226,0.0626401447833036,0.0451635561106024,2.003207248068835
eur_usd,2021_H1,2021,H1,2021-01-01 00:00:00+00:00,2021-06-30 00:00:00+00:00,2021-01-01 00:00:00+00:00,2021-06-30 00:00:00+00:00,129,1.218026876449585,1.1901928186416626,-0.022851759962026152,-0.023116908625235705,0.059604441066503026,0.04247988518114536,-0.5441848189245134
eur_usd,2021_H2,2021,H2,2021-07-01 00:00:00+00:00,2021-12-31 00:00:00+00:00,2021-07-01 00:00:00+00:00,2021-12-31 00:00:00+00:00,132,1.1856770515441897,1.132502794265747,-0.04484716745524431,-0.04588391722721566,0.051191390427482344,0.036909002077651666,-1.2431633109635951
eur_usd,2022_H1,2022,H1,2022-01-01 00:00:00+00:00,2022-06-30 00:00:00+00:00,2022-01-03 00:00:00+00:00,2022-06-30 00:00:00+00:00,129,1.1373459100723269,1.04465913772583,-0.0814939162533258,-0.0850067507814736,0.0861704118148587,0.061413363407317824,-1.3841735098870105
eur_usd,2022_H2,2022,H2,2022-07-01 00:00:00+00:00,2022-12-31 00:00:00+00:00,2022-07-01 00:00:00+00:00,2022-12-30 00:00:00+00:00,131,1.0477677583694458,1.066075325012207,0.017472924220584662,0.017322027877938444,0.10835109260525601,0.07782241447165368,0.22258404594023337
eur_usd,2023_H1,2023,H1,2023-01-01 00:00:00+00:00,2023-06-30 00:00:00+00:00,2023-01-02 00:00:00+00:00,2023-06-30 00:00:00+00:00,130,1.0709733963012695,1.086802959442139,0.014780538149256062,0.01467237054298368,0.08119030412129724,0.05808964908433667,0.25258149729363655
eur_usd,2023_H2,2023,H2,2023-07-01 00:00:00+00:00,2023-12-31 00:00:00+00:00,2023-07-03 00:00:00+00:00,2023-12-29 00:00:00+00:00,130,1.0907504558563232,1.1068191528320312,0.014731781123201948,0.014624322521199832,0.06941448119093287,0.04966433981733128,0.2944632421368945
eur_usd,2024_H1,2024,H1,2024-01-01 00:00:00+00:00,2024-06-30 00:00:00+00:00,2024-01-01 00:00:00+00:00,2024-06-28 00:00:00+00:00,130,1.1055831909179688,1.0708472728729248,-0.03141863799159483,-0.03192279139470877,0.05440398397893041,0.03892470132153321,-0.8201165406771929
gold,2015_H1,2015,H1,2015-01-01 00:00:00+00:00,2015-06-30 00:00:00+00:00,2015-01-02 00:00:00+00:00,2015-06-30 00:00:00+00:00,124,1186.0,1171.5,-0.012225969645868418,-0.012301321609820367,0.15079920363933305,0.10535407378774243,-0.1167617080911738
gold,2015_H2,2015,H2,2015-07-01 00:00:00+00:00,2015-12-31 00:00:00+00:00,2015-07-01 00:00:00+00:00,2015-12-31 00:00:00+00:00,128,1169.0,1060.300048828125,-0.09298541588697606,-0.09759674948908147,0.14542487960639483,0.10323817127914937,-0.9453552719873944
gold,2016_H1,2016,H1,2016-01-01 00:00:00+00:00,2016-06-30 00:00:00+00:00,2016-01-04 00:00:00+00:00,2016-06-30 00:00:00+00:00,125,1075.0999755859375,1318.4000244140625,0.2263045803675372,0.2040052408906163,0.1825860058139495,0.1280790390327512,1.592807397925979
gold,2016_H2,2016,H2,2016-07-01 00:00:00+00:00,2016-12-31 00:00:00+00:00,2016-07-01 00:00:00+00:00,2016-12-30 00:00:00+00:00,125,1336.699951171875,1150.0,-0.13967229594659336,-0.15044191109127258,0.13497719412988463,0.09468277285778685,-1.5889047875397115
gold,2017_H1,2017,H1,2017-01-01 00:00:00+00:00,2017-06-30 00:00:00+00:00,2017-01-03 00:00:00+00:00,2017-06-30 00:00:00+00:00,125,1160.4000244140625,1240.699951171875,0.06920021119299746,0.06691090280692225,0.10643541935648287,0.07466150633755043,0.8961900996801871
gold,2017_H2,2017,H2,2017-07-01 00:00:00+00:00,2017-12-31 00:00:00+00:00,2017-07-03 00:00:00+00:00,2017-12-29 00:00:00+00:00,126,1217.9000244140625,1306.300048828125,0.07258397458082988,0.0700706667323721,0.09817197558569152,0.06914205238445938,1.0134305291192287
gold,2018_H1,2018,H1,2018-01-01 00:00:00+00:00,2018-06-30 00:00:00+00:00,2018-01-02 00:00:00+00:00,2018-06-29 00:00:00+00:00,124,1313.699951171875,1251.300048828125,-0.047499356522078484,-0.048664496414137545,0.10876473271659112,0.07598718958446155,-0.6404302709477867
gold,2018_H2,2018,H2,2018-07-01 00:00:00+00:00,2018-12-31 00:00:00+00:00,2018-07-02 00:00:00+00:00,2018-12-31 00:00:00+00:00,126,1239.800048828125,1278.300048828125,0.031053394485982322,0.030580992719988577,0.10180837742669135,0.07170315279097905,0.426494394313941
gold,2019_H1,2019,H1,2019-01-01 00:00:00+00:00,2019-06-30 00:00:00+00:00,2019-01-02 00:00:00+00:00,2019-06-28 00:00:00+00:00,124,1281.0,1409.699951171875,0.10046834595774778,0.0957358582428993,0.10707916906347477,0.07480959054415709,1.279727071710014
gold,2019_H2,2019,H2,2019-07-01 00:00:00+00:00,2019-12-31 00:00:00+00:00,2019-07-01 00:00:00+00:00,2019-12-31 00:00:00+00:00,128,1385.5999755859375,1519.5,0.09663685535028921,0.09224809216852602,0.12111272744088696,0.0859787990436638,1.0729167328992162
gold,2020_H1,2020,H1,2020-01-01 00:00:00+00:00,2020-06-30 00:00:00+00:00,2020-01-02 00:00:00+00:00,2020-06-30 00:00:00+00:00,125,1524.5,1800.5,0.18104296490652683,0.16639791666062054,0.24407012789415192,0.17120845213700048,0.9719024649990378
gold,2020_H2,2020,H2,2020-07-01 00:00:00+00:00,2020-12-31 00:00:00+00:00,2020-07-01 00:00:00+00:00,2020-12-31 00:00:00+00:00,128,1779.9000244140625,1895.0999755859373,0.06472270891158516,0.06271439804079049,0.18824371593507216,0.13363557212856683,0.46929419346859846
gold,2021_H1,2021,H1,2021-01-01 00:00:00+00:00,2021-06-30 00:00:00+00:00,2021-01-04 00:00:00+00:00,2021-06-30 00:00:00+00:00,124,1946.5999755859373,1771.5999755859375,-0.0899003401802283,-0.09420116918224851,0.16325540415375925,0.1140564504345743,-0.8259170684632582
gold,2021_H2,2021,H2,2021-07-01 00:00:00+00:00,2021-12-31 00:00:00+00:00,2021-07-01 00:00:00+00:00,2021-12-31 00:00:00+00:00,128,1776.800048828125,1828.5999755859373,0.029153492421376548,0.028736612317941994,0.13298205715809452,0.09440492184761824,0.30439739534265603
gold,2022_H1,2022,H1,2022-01-01 00:00:00+00:00,2022-06-30 00:00:00+00:00,2022-01-03 00:00:00+00:00,2022-06-30 00:00:00+00:00,124,1800.0999755859375,1807.300048828125,0.0039998185322145385,0.003991840524714882,0.1563298235351646,0.10921797573506954,0.036549299672042124
gold,2022_H2,2022,H2,2022-07-01 00:00:00+00:00,2022-12-31 00:00:00+00:00,2022-07-01 00:00:00+00:00,2022-12-30 00:00:00+00:00,127,1801.5,1826.199951171875,0.013710769454274185,0.013617627256535291,0.15878313099988636,0.11227662866805156,0.12128639252961647
gold,2023_H1,2023,H1,2023-01-01 00:00:00+00:00,2023-06-30 00:00:00+00:00,2023-01-03 00:00:00+00:00,2023-06-30 00:00:00+00:00,124,1846.0999755859373,1929.4000244140625,0.04512217644208927,0.04413379383830631,0.1462140797321214,0.1021507313907782,0.43204579387172704
gold,2023_H2,2023,H2,2023-07-01 00:00:00+00:00,2023-12-31 00:00:00+00:00,2023-07-03 00:00:00+00:00,2023-12-29 00:00:00+00:00,127,1929.5,2071.800048828125,0.07374970138798909,0.07115691621430019,0.12177832986248481,0.08611028284733525,0.8263463300945619
gold,2024_H1,2024,H1,2024-01-01 00:00:00+00:00,2024-06-30 00:00:00+00:00,2024-01-02 00:00:00+00:00,2024-06-28 00:00:00+00:00,124,2073.39990234375,2339.60009765625,0.1283882549678863,0.12079029152000528,0.1482007941420379,0.10353872583296451,1.1666194513043566
sp500,2015_H1,2015,H1,2015-01-01 00:00:00+00:00,2015-06-30 00:00:00+00:00,2015-01-02 00:00:00+00:00,2015-06-30 00:00:00+00:00,124,2058.199951171875,2063.110107421875,0.0023856556051340405,0.002382814446587567,0.12260895148539488,0.08565928871033364,0.027817350371018342
sp500,2015_H2,2015,H2,2015-07-01 00:00:00+00:00,2015-12-31 00:00:00+00:00,2015-07-01 00:00:00+00:00,2015-12-31 00:00:00+00:00,128,2077.419921875,2043.93994140625,-0.01611613526769895,-0.016247412541257715,0.182375539852007,0.12946971158806375,-0.12549199609675826
sp500,2016_H1,2016,H1,2016-01-01 00:00:00+00:00,2016-06-30 00:00:00+00:00,2016-01-04 00:00:00+00:00,2016-06-30 00:00:00+00:00,125,2012.6600341796875,2098.860107421875,0.04282892877003963,0.04193714412897815,0.160951241294562,0.11290284939548761,0.3714445149393568
sp500,2016_H2,2016,H2,2016-07-01 00:00:00+00:00,2016-12-31 00:00:00+00:00,2016-07-01 00:00:00+00:00,2016-12-30 00:00:00+00:00,127,2102.949951171875,2238.830078125,0.06461405649592633,0.06261234521615677,0.09230442066423249,0.06526908178517447,0.9592956343746027
sp500,2017_H1,2017,H1,2017-01-01 00:00:00+00:00,2017-06-30 00:00:00+00:00,2017-01-03 00:00:00+00:00,2017-06-30 00:00:00+00:00,125,2257.830078125,2423.409912109375,0.07333582610515998,0.07077139334373393,0.0695844565394769,0.04881157395092951,1.449889598210472
sp500,2017_H2,2017,H2,2017-07-01 00:00:00+00:00,2017-12-31 00:00:00+00:00,2017-07-03 00:00:00+00:00,2017-12-29 00:00:00+00:00,126,2429.010009765625,2673.610107421875,0.10069950171998321,0.09594588835335094,0.06387978816094801,0.04499022896281795,2.1325939112833843
sp500,2018_H1,2018,H1,2018-01-01 00:00:00+00:00,2018-06-30 00:00:00+00:00,2018-01-02 00:00:00+00:00,2018-06-29 00:00:00+00:00,125,2695.81005859375,2718.3701171875,0.008368563846637755,0.008333741556367595,0.16542779524691073,0.11604302832562599,0.07181596065368487
sp500,2018_H2,2018,H2,2018-07-01 00:00:00+00:00,2018-12-31 00:00:00+00:00,2018-07-02 00:00:00+00:00,2018-12-31 00:00:00+00:00,126,2726.7099609375,2506.85009765625,-0.08063192141112707,-0.08406871604213133,0.1776481849119482,0.1251167661026094,-0.6719220665692862
sp500,2019_H1,2019,H1,2019-01-01 00:00:00+00:00,2019-06-30 00:00:00+00:00,2019-01-02 00:00:00+00:00,2019-06-28 00:00:00+00:00,124,2510.030029296875,2941.760009765625,0.17200191847493107,0.15871332807748373,0.12603533066145792,0.0880530878540154,1.8024731664222502
sp500,2019_H2,2019,H2,2019-07-01 00:00:00+00:00,2019-12-31 00:00:00+00:00,2019-07-01 00:00:00+00:00,2019-12-31 00:00:00+00:00,128,2964.330078125,3230.780029296875,0.089885385280849,0.08607253959379874,0.1247305836174855,0.08854714124641426,0.9720532857664026
sp500,2020_H1,2020,H1,2020-01-01 00:00:00+00:00,2020-06-30 00:00:00+00:00,2020-01-02 00:00:00+00:00,2020-06-30 00:00:00+00:00,125,3257.85009765625,3100.2900390625,-0.04836320084435475,-0.049571830477528674,0.4663910612364003,0.3271604451301242,-0.15152146665472369
sp500,2020_H2,2020,H2,2020-07-01 00:00:00+00:00,2020-12-31 00:00:00+00:00,2020-07-01 00:00:00+00:00,2020-12-31 00:00:00+00:00,128,3115.860107421875,3756.070068359375,0.2054681336342865,0.186867984141452,0.1664261691619663,0.11814713825982934,1.5816547645063708
sp500,2021_H1,2021,H1,2021-01-01 00:00:00+00:00,2021-06-30 00:00:00+00:00,2021-01-04 00:00:00+00:00,2021-06-30 00:00:00+00:00,124,3700.64990234375,4297.5,0.161282508047639,0.14952500476712297,0.13492981517853497,0.0942671138932859,1.5861841801626724
sp500,2021_H2,2021,H2,2021-07-01 00:00:00+00:00,2021-12-31 00:00:00+00:00,2021-07-01 00:00:00+00:00,2021-12-31 00:00:00+00:00,128,4319.93994140625,4766.18017578125,0.10329778664231548,0.09830368265713643,0.12661580195174563,0.0898854713438344,1.0936548608740146
sp500,2022_H1,2022,H1,2022-01-01 00:00:00+00:00,2022-06-30 00:00:00+00:00,2022-01-03 00:00:00+00:00,2022-06-30 00:00:00+00:00,124,4796.56005859375,3785.3798828125,-0.21081361713996893,-0.23675275934133996,0.2525267085334343,0.17642478767883785,-1.3419472538763806
sp500,2022_H2,2022,H2,2022-07-01 00:00:00+00:00,2022-12-31 00:00:00+00:00,2022-07-01 00:00:00+00:00,2022-12-30 00:00:00+00:00,127,3825.330078125,3839.5,0.0037042350818377034,0.0036973912985150776,0.23228526068870364,0.1642504830026673,0.022510687523853642
sp500,2023_H1,2023,H1,2023-01-01 00:00:00+00:00,2023-06-30 00:00:00+00:00,2023-01-03 00:00:00+00:00,2023-06-30 00:00:00+00:00,124,3824.139892578125,4450.3798828125,0.16375969703665372,0.1516558821515701,0.14506019672599163,0.10134458472397638,1.4964379454967656
sp500,2023_H2,2023,H2,2023-07-01 00:00:00+00:00,2023-12-31 00:00:00+00:00,2023-07-03 00:00:00+00:00,2023-12-29 00:00:00+00:00,126,4455.58984375,4769.830078125,0.07052719065149038,0.06815122867971213,0.11643521266805254,0.0820047628221869,0.8310642740042581
sp500,2024_H1,2024,H1,2024-01-01 00:00:00+00:00,2024-06-30 00:00:00+00:00,2024-01-02 00:00:00+00:00,2024-06-28 00:00:00+00:00,124,4742.830078125,5460.47998046875,0.15131258985088092,0.1409026739724268,0.10706046376002315,0.07479652230591374,1.8838131724379172
