initial_value,final_value,total_return,annualized_return,annualized_volatility,sharpe_ratio,sortino_ratio,maximum_drawdown,calmar_ratio,trade_count,total_transaction_cost
10000.0,27763.33604331788,1.7763336043317879,1.7841330030552913,0.6058307119617063,1.9886136706525643,3.2205182938214847,-0.33691979926476057,5.295423441865677,118,1954.8324603667354
10000.0,18330.623226476528,0.8330623226476528,0.8361165503100587,0.6280468857808965,1.2840837454726177,1.8710903904719585,-0.46362010696990064,1.8034518730749127,115,1400.5895476169565
10000.0,70730.55298128298,6.073055298128298,6.11117127310331,0.6745080676524654,3.2542311626042686,5.135898867491035,-0.32442993520809715,18.836644248575453,126,2827.062656639569
10000.0,42064.56603118658,3.2064566031186583,3.2230912826319855,0.6849082095503722,2.4454719068584647,3.970169407297778,-0.3529677837861108,9.131403574738407,115,2522.9257938654496
10000.0,25524.939806212853,1.5524939806212852,1.5590735116247911,0.70471790067446,1.6835285992131674,2.6233147279250955,-0.3251190655700389,4.7953924476598475,125,1804.1807174742532
10000.0,41896.74297508394,3.189674297508394,3.206196415560565,0.5992781120669239,2.6912018234651183,4.961272907801198,-0.2274998353642358,14.093181256273544,132,2181.393900757477
10000.0,57355.89718127264,4.7355897181272635,4.763178662899941,0.606491192765738,3.186590060681147,6.072247893224932,-0.23587574317471793,20.19359260427113,115,2601.8999835154113
10000.0,25268.900743305792,1.5268900743305793,1.533333440615456,0.6252072487653133,1.7995526311464687,2.7588387036709885,-0.32354307911344815,4.739194065955598,126,1563.9478246029137
10000.0,51224.209362792266,4.122420936279227,4.1454619586470365,0.6174300490458351,2.960101252012384,5.272389016968901,-0.31450229026601173,13.181023117957995,112,2902.966927042361
10000.0,10131.084628757004,0.013108462875700333,0.013144710792843739,0.5891800688632283,0.3205773725035571,0.4376806830908281,-0.3759892977196634,0.03496033230883183,122,1458.7046361638043
10000.0,84394.9807996103,7.43949807996103,7.48909599424073,0.7440997534243973,3.2388431188623423,6.191866691588671,-0.22677132177267134,33.02488134609998,119,3636.926009082731
10000.0,29277.992826620786,1.9277992826620785,1.9364526813087903,0.8055313737861011,1.7301073615885028,2.906155111764443,-0.357261703594575,5.420263806126561,132,1896.9074186755715
10000.0,46549.307333354984,3.6549307333354983,3.6746397681065037,0.6419624772856389,2.7181382271134167,4.876951781597635,-0.28571066676126566,12.861402095207604,121,2003.2445148831014
10000.0,37134.86935223067,2.713486935223067,2.7268956686619017,0.7585275088244162,2.10233539387444,3.7617465546470266,-0.3745576132375391,7.280310350900659,130,2001.3993763776634
10000.0,19795.752742730474,0.9795752742730475,0.983292542886191,0.6846917306304217,1.3390920558660604,2.0494742134541872,-0.386228338878134,2.5458839859921505,126,1716.9755586717247
10000.0,20904.73352372984,1.090473352372984,1.0947125218131077,0.7544245233926331,1.3507712461539736,2.144919611556952,-0.31350460691718207,3.491854657505227,112,1239.8297966007226
10000.0,62901.59791272279,5.290159791272279,5.322019100422395,0.6326318620586266,3.235077103177864,5.407726936760002,-0.25169603537239726,21.144628251884036,131,2799.772865177482
10000.0,32133.423306975645,2.2133423306975644,2.2236637394115437,0.6896216110433582,2.0376566545239414,3.317341104825986,-0.3667626839760778,6.062949794414153,123,2115.8624743108817
10000.0,42570.02290255474,3.257002290255474,3.273977103131955,0.5712743547311903,2.8251142287998725,5.24280127918894,-0.2905823582851439,11.266950693266976,119,2528.3807586322573
10000.0,80572.24254728912,7.0572242547289115,7.103543577045011,0.6628359634356594,3.4860599166467483,6.4150970633582585,-0.3245641995842279,21.886405173906326,125,2222.0092358303477
10000.0,31081.127947569938,2.1081127947569938,2.117810994978064,0.6833802873860653,1.9999754122632436,3.2891084481114494,-0.3815403261388127,5.550687174827119,110,1370.8386421149303
10000.0,35392.80277666457,2.5392802776664567,2.5515911420538626,0.6484076061216432,2.2850116617756493,3.426755939936504,-0.3335489017989681,7.649826242245347,121,2008.011145603897
10000.0,15202.624516829128,0.5202624516829129,0.5220129424236621,0.6585692715738135,0.9693744259636821,1.3880719338889747,-0.412036442969432,1.2669096419279327,132,1480.2734912644087
10000.0,27454.294160025973,1.7454294160025974,1.7530573341223343,0.6968740409581968,1.7967258966169941,2.9077527742770717,-0.3264598371930667,5.369902004471028,125,1709.968452615091
10000.0,73811.00112683765,6.381100112683765,6.421745262682421,0.7782389022367038,2.959703811107293,5.256148075099887,-0.35911866429159234,17.88195908823101,128,3516.289923756141
10000.0,98580.84694053899,8.858084694053899,8.920252909265482,0.713032268550554,3.5723592849834636,6.746592641185907,-0.29244118601546054,30.50272443086691,117,3351.282528299835
10000.0,14294.770425871247,0.4294770425871248,0.43088093081436574,0.6279212670362532,0.8867882595980443,1.2733565933617177,-0.3438868504868936,1.25297297702515,122,1364.4603543388992
10000.0,29414.96818282854,1.9414968182828538,1.9502285315477468,0.6481513475082402,1.979085852940728,3.7252118530701455,-0.29996690583828656,6.501478975147756,108,1703.6301025801874
10000.0,33005.70741549927,2.3005707415499272,2.3114159831552916,0.6347559794440225,2.1983700963674164,3.7249451388774077,-0.23896850452300034,9.672471222804266,120,2661.8012165599284
10000.0,31936.653000576323,2.1936653000576323,2.2038694406389956,0.693397070825306,2.0259953018792967,3.128101759940052,-0.3354996182499749,6.568917878758751,129,2512.3918213466945
