fold,validation_start,validation_end,strategy,seed_count,initial_value,final_value,total_return,annualized_return,annualized_volatility,sharpe_ratio,sortino_ratio,maximum_drawdown,calmar_ratio,trade_count,total_transaction_cost
C1,2016-07-01 00:00:00+00:00,2016-12-31 00:00:00+00:00,cash,1,10000.0,10000.0,0.0,0.0,0.0,,,0.0,,0.0,0.0
C1,2016-07-01 00:00:00+00:00,2016-12-31 00:00:00+00:00,buy_and_hold,1,10000.0,14226.848739268426,0.4226848739268425,1.020136746331016,0.36659280867259036,2.1040724983285966,3.0405492398871883,-0.22202152851297208,4.594764990420343,1.0,10.0
C1,2016-07-01 00:00:00+00:00,2016-12-31 00:00:00+00:00,ma_10_30,1,10000.0,13780.354653671138,0.37803546536711385,0.8956571960730291,0.2946561288024345,2.319183572073219,3.6076546413660777,-0.13513698865735568,6.627772343987904,7.0,63.310373589903215
C1,2016-07-01 00:00:00+00:00,2016-12-31 00:00:00+00:00,momentum_20,1,10000.0,14112.504935479808,0.4112504935479808,0.9878824741978423,0.2909438102272164,2.5083436655404916,4.038086626051224,-0.13721454045015624,7.199546571062523,17.0,159.62623802320252
C1,2016-07-01 00:00:00+00:00,2016-12-31 00:00:00+00:00,random,30,10000.0,11287.89378307091,0.12878937830709108,0.28726174551467637,0.24680100418810497,1.096697304101717,1.7499979740843452,-0.1429102808354668,2.810807516586506,60.86666666666667,590.8080633122188
C2,2017-01-01 00:00:00+00:00,2017-06-30 00:00:00+00:00,cash,1,10000.0,10000.0,0.0,0.0,0.0,,,0.0,,0.0,0.0
C2,2017-01-01 00:00:00+00:00,2017-06-30 00:00:00+00:00,buy_and_hold,1,10000.0,24817.915546164582,1.4817915546164584,5.316788086118912,0.7503453657923578,2.8438221335573663,3.955289899010926,-0.3264598371930668,16.286193523323323,1.0,10.0
C2,2017-01-01 00:00:00+00:00,2017-06-30 00:00:00+00:00,ma_10_30,1,10000.0,18702.180212678086,0.8702180212678086,2.5590741577582077,0.6844477626987213,2.2069620911733865,2.9717741816648022,-0.3264598371930668,7.838863670831224,6.0,62.39885574658405
C2,2017-01-01 00:00:00+00:00,2017-06-30 00:00:00+00:00,momentum_20,1,10000.0,20302.841446286955,1.0302841446286957,3.2039436992588612,0.6564099164602099,2.525686023946328,3.476161791800091,-0.3293646015644722,9.727650403353069,6.0,64.35039634699949
C2,2017-01-01 00:00:00+00:00,2017-06-30 00:00:00+00:00,random,30,10000.0,14897.600921216104,0.4897600921216105,1.4124329891767666,0.5221254720509106,1.7108906600531373,2.509837866658452,-0.2581255124633908,6.906144956501016,59.9,669.215360408062
C3,2017-07-01 00:00:00+00:00,2017-12-31 00:00:00+00:00,cash,1,10000.0,10000.0,0.0,0.0,0.0,,,0.0,,0.0,0.0
C3,2017-07-01 00:00:00+00:00,2017-12-31 00:00:00+00:00,buy_and_hold,1,10000.0,58045.65981401462,4.8045659814014625,32.37074476471449,1.1210339411204957,3.684420486265982,6.694962163612361,-0.3550810193918734,91.16439065133353,1.0,10.0
C3,2017-07-01 00:00:00+00:00,2017-12-31 00:00:00+00:00,ma_10_30,1,10000.0,53170.57608265411,4.317057608265411,27.014141258479963,0.8840428109309699,4.209525035296752,8.222124488363642,-0.2905823582851441,92.9655241904651,4.0,95.23428992026533
C3,2017-07-01 00:00:00+00:00,2017-12-31 00:00:00+00:00,momentum_20,1,10000.0,45832.363944353434,3.5832363944353434,19.83202809606608,0.8883631354614641,3.8568430483577303,7.429295286962899,-0.2905823582851439,68.24925027487464,12.0,164.45542235501088
C3,2017-07-01 00:00:00+00:00,2017-12-31 00:00:00+00:00,random,30,10000.0,23065.698065184904,1.3065698065184903,5.029806559639234,0.772290754522173,2.311327655718181,4.479356355028659,-0.28490467254188995,20.31904507391182,60.86666666666667,872.6987185835774
